PPI,score,label
3CHW-model-1-pos_A_Z,-1.8790695667266846,1
1YOX-model-70-neg_A_Z,0.8572568893432617,0
1JK9-model-1-pos_A_Z,-1.0944747924804688,1
1TZS-model-20-neg_A_Z,0.07661354541778564,0
2QBX-model-98-neg_A_Z,1.6932765245437622,0
2ZNV-model-18-pos_A_Z,-1.7687203884124756,1
2PO2-model-3-pos_A_Z,-1.780348300933838,1
2FTL-model-34-pos_A_Z,-1.755712628364563,1
1X1X-model-8-pos_A_Z,0.9085723757743835,1
2ZDC-model-5-neg_A_Z,1.8681905269622803,0
1Y1O-model-1-pos_A_Z,-1.6674398183822632,1
1PPE-model-9-pos_A_Z,1.4413665533065796,1
2HVY-model-38-neg_A_Z,1.9000779390335083,0
1KL8-model-24-pos_A_Z,1.0107719898223877,1
1Y3B-model-57-pos_A_Z,-0.029131412506103516,1
4APF-model-51-neg_A_Z,1.879327416419983,0
3GMW-model-1-pos_A_Z,-1.1218910217285156,1
2R5O-model-12-neg_A_Z,1.7649673223495483,0
4TQ0-model-4-pos_A_Z,-1.14657723903656,1
2HTB-model-25-neg_A_Z,1.9507700204849243,0
3OKJ-model-6-neg_A_Z,1.9357807636260986,0
1VZY-model-55-neg_A_Z,1.8158248662948608,0
1PGL-model-36-neg_A_Z,1.2534503936767578,0
2BE1-model-1-pos_A_Z,-1.8513877391815186,1
3L2H-model-56-neg_A_Z,1.7490919828414917,0
3HN6-model-40-neg_A_Z,1.9211084842681885,0
4RS1-model-50-pos_A_Z,1.7559871673583984,1
3QHY-model-2-pos_A_Z,-1.488835334777832,1
1JXQ-model-2-pos_A_Z,-1.8645429611206055,1
3FSN-model-93-pos_A_Z,1.7921464443206787,1
2GQS-model-1-pos_A_Z,-1.7530391216278076,1
2HWJ-model-4-pos_A_Z,-0.654056191444397,1
5B76-model-59-neg_A_Z,1.9196932315826416,0
1K88-model-4-pos_A_Z,0.7792282104492188,1
3QWN-model-1-pos_A_Z,0.03752851486206055,1
2GKW-model-58-neg_A_Z,1.889532208442688,0
2X9A-model-45-pos_A_Z,0.2846909761428833,1
3E1Z-model-100-neg_A_Z,1.8526718616485596,0
3U02-model-70-neg_A_Z,1.9520219564437866,0
1R9N-model-67-pos_A_Z,0.3061850070953369,1
2E4M-model-1-pos_A_Z,-0.34424519538879395,1
2EVV-model-30-neg_A_Z,1.9478280544281006,0
1T7P-model-3-pos_A_Z,0.41864240169525146,1
3MZW-model-53-neg_A_Z,1.9353103637695312,0
3QC8-model-9-neg_A_Z,0.46698129177093506,0
2P48-model-4-pos_A_Z,-0.3985177278518677,1
2NN3-model-94-neg_A_Z,1.9016307592391968,0
3QQ8-model-65-neg_A_Z,1.4717423915863037,0
2PQV-model-40-neg_A_Z,1.7909398078918457,0
1YUK-model-16-neg_A_Z,1.6997851133346558,0
3H35-model-28-neg_A_Z,1.5090975761413574,0
2Z0P-model-1-pos_A_Z,-1.5210340023040771,1
3BCP-model-1-pos_A_Z,-1.6884753704071045,1
1Q1L-model-15-neg_A_Z,0.7926381230354309,0
1Y43-model-18-neg_A_Z,1.92631995677948,0
4WEN-model-51-neg_A_Z,1.6284356117248535,0
3NGB-model-43-neg_A_Z,1.6320483684539795,0
1Y1O-model-54-neg_A_Z,1.9323413372039795,0
2EJG-model-14-neg_A_Z,1.6422923803329468,0
2ETE-model-8-pos_A_Z,-1.8285696506500244,1
2G2U-model-95-pos_A_Z,1.8337469100952148,1
1YUK-model-1-pos_A_Z,-1.9025932550430298,1
4ILW-model-1-pos_A_Z,-1.6123273372650146,1
3FFU-model-59-neg_A_Z,0.6919310092926025,0
3K9M-model-88-neg_A_Z,1.0684244632720947,0
2G2W-model-1-pos_A_Z,-1.593964695930481,1
1YLQ-model-16-neg_A_Z,1.9529750347137451,0
4UDM-model-21-neg_A_Z,-0.054077744483947754,0
1P69-model-97-neg_A_Z,1.3058661222457886,0
3PYY-model-1-pos_A_Z,-0.7428844571113586,1
3GBU-model-40-pos_A_Z,-1.092540979385376,1
1I4E-model-36-neg_A_Z,1.9462945461273193,0
2VIF-model-52-neg_A_Z,0.513422966003418,0
1DEV-model-1-pos_A_Z,-1.8300541639328003,1
2X9M-model-1-pos_A_Z,0.9611854553222656,1
1DJS-model-75-neg_A_Z,1.9556381702423096,0
2X36-model-71-neg_A_Z,1.42157781124115,0
3T3A-model-30-neg_A_Z,1.9191381931304932,0
1G9I-model-27-neg_A_Z,1.2843244075775146,0
3OLM-model-1-pos_A_Z,-0.948088526725769,1
2PTC-model-3-pos_A_Z,0.06682324409484863,1
3AOG-model-18-neg_A_Z,1.64166259765625,0
3TSR-model-16-pos_A_Z,1.2479979991912842,1
1J3R-model-1-pos_A_Z,-1.9065260887145996,1
1Q9U-model-14-neg_A_Z,1.236262321472168,0
1ZVN-model-2-pos_A_Z,-0.7671617269515991,1
1UDI-model-88-neg_A_Z,1.4663691520690918,0
2P6B-model-1-pos_A_Z,-0.21047687530517578,1
1SMF-model-17-neg_A_Z,1.4194663763046265,0
2IQH-model-1-pos_A_Z,-1.9220952987670898,1
2IY1-model-1-pos_A_Z,-1.874900221824646,1
1N0L-model-71-pos_A_Z,1.6719324588775635,1
1X1W-model-19-pos_A_Z,0.020290255546569824,1
2IWP-model-1-pos_A_Z,-1.803497314453125,1
1MR1-model-1-pos_A_Z,-1.548443078994751,1
4BQD-model-1-pos_A_Z,-1.5977928638458252,1
3E2U-model-3-pos_A_Z,0.18817615509033203,1
1OMO-model-33-neg_A_Z,0.7565270066261292,0
1AK4-model-75-neg_A_Z,1.940885066986084,0
1X1W-model-30-neg_A_Z,1.6385465860366821,0
2ZA4-model-47-neg_A_Z,1.9395512342453003,0
3C4P-model-94-neg_A_Z,1.9493677616119385,0
3FHC-model-57-neg_A_Z,0.3637601137161255,0
3I84-model-4-pos_A_Z,-0.2648516893386841,1
3JUY-pos_C_B,1.0227545499801636,1
5JMC-model-17-pos_A_Z,0.0337982177734375,1
3C4P-model-1-pos_A_Z,-1.6351828575134277,1
1DB2-model-2-pos_A_Z,-0.4185330867767334,1
4KFZ-model-1-pos_A_Z,-1.9155548810958862,1
3B93-model-1-pos_A_Z,-1.5430595874786377,1
4DG4-model-3-pos_A_Z,-1.1372735500335693,1
1NR9-model-73-neg_A_Z,1.9353107213974,0
3BGL-model-5-pos_A_Z,-1.6087764501571655,1
3QDZ-model-2-pos_A_Z,0.2555370330810547,1
4GH7-model-27-pos_A_Z,-1.2140812873840332,1
2DSP-model-1-pos_A_Z,-1.6855264902114868,1
2HVY-model-1-pos_A_Z,-1.9094332456588745,1
2IA9-model-3-pos_A_Z,-1.1893954277038574,1
3TG9-model-14-neg_A_Z,1.8464041948318481,0
3WDG-model-1-pos_A_Z,-1.8199083805084229,1
4ZQK-model-3-neg_A_Z,1.1840269565582275,0
4KV5-model-2-neg_A_Z,1.2253162860870361,0
4W6X-model-92-neg_A_Z,1.7254962921142578,0
3PPE-model-3-pos_A_Z,-0.3242642879486084,1
2W81-model-2-neg_A_Z,1.9542922973632812,0
4JW3-model-89-neg_A_Z,1.8801138401031494,0
4ZQU-model-2-pos_A_Z,-1.4319441318511963,1
2QF3-model-2-pos_A_Z,-1.3890554904937744,1
2W80-model-26-neg_A_Z,1.7473578453063965,0
2B3Z-model-1-pos_A_Z,-1.8965767621994019,1
3AHS-model-34-pos_A_Z,-0.7115587592124939,1
3PRP-model-79-neg_A_Z,1.8759855031967163,0
3NPG-model-1-pos_A_Z,-1.9253777265548706,1
2EJG-model-22-pos_A_Z,0.7069640159606934,1
1EJA-model-65-neg_A_Z,1.8833612203598022,0
1L2W-model-66-neg_A_Z,1.9417256116867065,0
1JKG-model-41-pos_A_Z,1.6279375553131104,1
2OS5-model-3-pos_A_Z,-0.268027663230896,1
2P44-model-1-pos_A_Z,-1.120376706123352,1
1EM8-model-17-pos_A_Z,-1.141018033027649,1
3DJP-model-1-pos_A_Z,-1.8813575506210327,1
1Y96-model-8-pos_A_Z,-1.4621913433074951,1
1YOX-model-71-pos_A_Z,-0.048403143882751465,1
3AJY-model-1-pos_A_Z,-1.8678925037384033,1
2RL7-model-74-pos_A_Z,1.1916940212249756,1
1Y96-model-94-neg_A_Z,1.9439998865127563,0
3B76-model-1-pos_A_Z,-1.8644607067108154,1
1E5Q-model-96-neg_A_Z,1.9226518869400024,0
1UUG-model-87-neg_A_Z,0.40595173835754395,0
1X1Y-model-1-pos_A_Z,-1.8520342111587524,1
3HF5-model-27-neg_A_Z,1.9341810941696167,0
2HD3-model-77-pos_A_Z,-1.2763545513153076,1
3RDZ-model-75-neg_A_Z,1.7666109800338745,0
3P83-model-1-pos_A_Z,0.002809882164001465,1
3HHJ-model-26-pos_A_Z,0.6308398246765137,1
4NSO-model-78-pos_A_Z,1.379346251487732,1
1DML-model-40-neg_A_Z,1.941112995147705,0
1L0A-model-7-neg_A_Z,1.692514181137085,0
3A1P-model-60-neg_A_Z,1.9473637342453003,0
2YCH-model-44-pos_A_Z,1.4029394388198853,1
4KGG-pos_C_A,0.25538170337677,1
2KAI-model-1-pos_A_Z,-1.8859498500823975,1
1P69-pos_A_B,-0.5082316398620605,1
1B27-model-43-neg_A_Z,1.9421015977859497,0
2A0S-model-67-neg_A_Z,1.955257534980774,0
3SOQ-model-59-neg_A_Z,1.0996427536010742,0
4KRL-model-1-pos_A_Z,-1.3701627254486084,1
3KMH-model-93-neg_A_Z,1.9612059593200684,0
4ILW-model-90-neg_A_Z,1.9362410306930542,0
2IY1-model-50-neg_A_Z,1.911423921585083,0
1T0P-model-1-pos_A_Z,0.4488639831542969,1
2H5K-model-1-pos_A_Z,-1.9093587398529053,1
3TU3-model-2-neg_A_Z,1.9642112255096436,0
3ISM-model-5-pos_A_Z,1.2870428562164307,1
5HPK-model-1-pos_A_Z,-1.8397800922393799,1
1I4E-pos_A_B,-1.816138505935669,1
4L0P-model-60-pos_A_Z,-1.9080145359039307,1
2P45-model-1-pos_A_Z,-0.8915473818778992,1
1NQ9-model-75-neg_A_Z,1.9397945404052734,0
1HBT-model-1-pos_A_Z,-1.7363193035125732,1
1FIW-model-75-pos_A_Z,1.8975465297698975,1
3UI2-model-42-neg_A_Z,1.6277377605438232,0
2BBA-model-29-pos_A_Z,1.915598750114441,1
1IJX-model-9-neg_A_Z,1.8758653402328491,0
1NR9-model-50-pos_A_Z,1.0952138900756836,1
1UE7-model-93-neg_A_Z,1.9591726064682007,0
3GNJ-model-39-neg_A_Z,-0.032074809074401855,0
2NU1-model-70-neg_A_Z,1.9345494508743286,0
1J4U-model-41-neg_A_Z,1.7646530866622925,0
1GXD-model-1-pos_A_Z,-0.0580747127532959,1
2GKW-model-12-pos_A_Z,-0.4954301118850708,1
3FL1-model-48-neg_A_Z,1.7672486305236816,0
2VE6-model-13-pos_A_Z,1.3865665197372437,1
3PIM-model-74-neg_A_Z,1.95714271068573,0
3TU3-model-1-pos_A_Z,-0.7997137308120728,1
3HHJ-model-37-neg_A_Z,1.634819507598877,0
4POU-model-1-pos_A_Z,-1.5154969692230225,1
3BT1-model-11-pos_A_Z,-0.5772101879119873,1
1FU5-model-1-pos_A_Z,-1.7324347496032715,1
1ACB-model-1-pos_A_Z,-1.5562056303024292,1
2RA3-model-1-pos_A_Z,-0.5823001861572266,1
1UAN-model-1-pos_A_Z,-1.9302982091903687,1
1F45-model-62-neg_A_Z,1.9401516914367676,0
2C1W-model-9-neg_A_Z,1.9430588483810425,0
3JVC-model-69-neg_A_Z,0.22539854049682617,0
1HPU-model-19-neg_A_Z,1.948729157447815,0
3BPD-model-91-neg_A_Z,0.6530923247337341,0
2ZSU-model-38-neg_A_Z,1.949842095375061,0
1GL0-model-99-neg_A_Z,1.2012969255447388,0
2ZDC-model-1-pos_A_Z,-1.760636329650879,1
1DN2-model-42-pos_A_Z,1.1472668647766113,1
3HO5-model-21-pos_A_Z,-0.5965595245361328,1
4U97-model-3-pos_A_Z,-0.08136653900146484,1
3FYF-model-95-neg_A_Z,1.9572747945785522,0
2J7Q-model-1-pos_A_Z,-1.450661301612854,1
4NOO-model-18-neg_A_Z,1.8724950551986694,0
2VIF-model-1-pos_A_Z,-0.41868138313293457,1
1SHS-model-28-pos_A_Z,-0.9062867760658264,1
3HQR-model-73-neg_A_Z,0.8781037926673889,0
4UDM-model-81-pos_A_Z,0.8267361521720886,1
2HJ1-model-1-pos_A_Z,-1.8910331726074219,1
2WQ4-model-1-pos_A_Z,-1.1700899600982666,1
3E9M-model-94-neg_A_Z,1.8866281509399414,0
2HZM-model-97-neg_A_Z,1.534034252166748,0
4I6L-model-13-neg_A_Z,1.3819540739059448,0
2FPE-model-4-pos_A_Z,0.29773855209350586,1
1JNP-model-54-neg_A_Z,1.7982211112976074,0
3BQB-model-43-neg_A_Z,1.9393823146820068,0
2C7E-model-65-neg_A_Z,0.9403464794158936,0
4U97-model-26-neg_A_Z,1.8750377893447876,0
2F2F-model-100-neg_A_Z,1.6435736417770386,0
3OSL-model-84-neg_A_Z,1.9617735147476196,0
2EP5-model-4-pos_A_Z,-1.752600908279419,1
3DCL-model-35-pos_A_Z,-1.8262619972229004,1
1HAA-model-65-neg_A_Z,1.7477858066558838,0
1HYR-model-9-neg_A_Z,1.9423437118530273,0
1HX5-model-95-neg_A_Z,1.957072138786316,0
2QW7-model-94-neg_A_Z,1.8799277544021606,0
5D3I-model-1-pos_A_Z,-1.715406894683838,1
4M5F-model-18-pos_A_Z,0.043752074241638184,1
1HYR-model-2-pos_A_Z,-1.023373007774353,1
1Y4D-model-59-neg_A_Z,1.9507509469985962,0
1XWD-model-2-neg_A_Z,0.007780551910400391,0
3KWV-model-1-pos_A_Z,-1.7473825216293335,1
3O9L-model-30-neg_A_Z,1.1984155178070068,0
3C4O-model-2-pos_A_Z,-1.5299688577651978,1
3DQQ-model-3-pos_A_Z,-1.522416114807129,1
1YVB-model-2-pos_A_Z,-0.3250035047531128,1
2NU1-model-1-pos_A_Z,-1.055750846862793,1
3H8D-model-1-pos_A_Z,-1.8333749771118164,1
1YC6-model-1-pos_A_Z,-1.8566722869873047,1
1N0L-model-58-neg_A_Z,1.936841368675232,0
2GHW-model-34-pos_A_Z,1.2323708534240723,1
3BTV-model-56-neg_A_Z,1.8129968643188477,0
2VJF-model-1-pos_A_Z,-1.88408625125885,1
4I6L-model-1-pos_A_Z,-1.7713754177093506,1
3FJU-model-76-neg_A_Z,1.945108413696289,0
2NQD-model-57-pos_A_Z,-1.083912968635559,1
3QJ7-model-6-pos_A_Z,-1.1346458196640015,1
4HDO-model-97-pos_A_Z,-1.5684607028961182,1
3CDW-model-49-pos_A_Z,0.6252003312110901,1
2WG3-model-1-pos_A_Z,-1.491538643836975,1
2ZVW-model-2-neg_A_Z,1.9530117511749268,0
2GS7-model-20-neg_A_Z,1.9269695281982422,0
2RL7-model-15-neg_A_Z,1.913244366645813,0
1GXD-model-56-neg_A_Z,1.9221028089523315,0
2B42-model-48-neg_A_Z,1.3301843404769897,0
3FHC-model-1-pos_A_Z,-0.29955804347991943,1
1EJA-model-2-pos_A_Z,-1.5256896018981934,1
3SJ9-model-84-neg_A_Z,1.8143872022628784,0
3BX1-model-81-neg_A_Z,1.8322129249572754,0
1XG2-model-85-neg_A_Z,1.9197556972503662,0
3B9I-model-51-pos_A_Z,0.5961350202560425,1
1Y43-model-1-pos_A_Z,-1.8948876857757568,1
2WG3-model-54-neg_A_Z,1.9578063488006592,0
2JJT-model-2-pos_A_Z,0.3881654739379883,1
2W1T-model-7-pos_A_Z,-1.0620392560958862,1
2BBA-model-24-neg_A_Z,1.4816168546676636,0
3HCG-model-1-pos_A_Z,-0.01996636390686035,1
2ANE-model-74-neg_A_Z,1.948517918586731,0
2DUP-model-11-pos_A_Z,1.647345781326294,1
1F9S-model-7-pos_A_Z,-0.10772430896759033,1
3TSZ-model-12-neg_A_Z,-0.038241028785705566,0
4KR0-model-40-neg_A_Z,1.9445478916168213,0
1G31-model-23-neg_A_Z,1.933470368385315,0
3V5N-model-24-pos_A_Z,0.03222048282623291,1
1YBG-model-1-pos_A_Z,0.9185243844985962,1
2HQH-model-31-pos_A_Z,0.43389928340911865,1
2Z7X-model-3-pos_A_Z,-0.06472992897033691,1
3FJU-model-66-pos_A_Z,1.1653566360473633,1
1GO4-model-6-neg_A_Z,1.8841274976730347,0
2PQS-pos_A_B,0.29814600944519043,1
2YYS-model-1-pos_A_Z,-1.5219743251800537,1
3TGK-model-21-pos_A_Z,1.009770393371582,1
3CJX-model-5-pos_A_Z,1.0598406791687012,1
4U30-model-35-pos_A_Z,1.4047179222106934,1
3QDZ-model-87-neg_A_Z,0.9544606804847717,0
2WG4-model-7-pos_A_Z,-0.9357249736785889,1
5AYR-model-19-neg_A_Z,0.8598965406417847,0
1Y48-model-38-pos_A_Z,-0.3872663974761963,1
2OS5-model-99-neg_A_Z,1.9409445524215698,0
1AHS-model-8-pos_A_Z,-0.027025938034057617,1
3BQB-model-2-pos_A_Z,-1.833944320678711,1
1Y34-model-13-pos_A_Z,-1.7470166683197021,1
4CJ1-model-1-pos_A_Z,-1.8181915283203125,1
2XCE-model-1-pos_A_Z,-1.8796281814575195,1
3M5R-model-85-neg_A_Z,1.8808022737503052,0
2K2S-model-1-pos_A_Z,-1.865173101425171,1
1UGH-model-1-pos_A_Z,-1.8132658004760742,1
1ZVN-model-32-neg_A_Z,1.3859442472457886,0
3H35-model-1-pos_A_Z,-1.44718337059021,1
4RS1-model-23-neg_A_Z,1.9354363679885864,0
4AFQ-model-47-neg_A_Z,1.9532930850982666,0
3KWV-model-4-neg_A_Z,1.8748408555984497,0
3FPU-model-1-pos_A_Z,-1.8647698163986206,1
3BCW-model-8-pos_A_Z,1.4839632511138916,1
4CDK-model-23-neg_A_Z,1.8745449781417847,0
2P49-model-1-pos_A_Z,-1.0762131214141846,1
1AVX-model-11-pos_A_Z,-1.1307439804077148,1
1SOT-model-19-neg_A_Z,1.9248404502868652,0
4NZW-model-60-neg_A_Z,1.9225456714630127,0
1B3T-model-18-neg_A_Z,0.9318209886550903,0
2OZK-model-62-pos_A_Z,0.29041802883148193,1
2X36-model-1-pos_A_Z,-0.13068950176239014,1
2AZN-pos_A_D,1.6775283813476562,1
1SHY-model-37-neg_A_Z,1.9303745031356812,0
5JLV-model-20-neg_A_Z,1.5634019374847412,0
3CG8-model-68-pos_A_Z,0.6920809745788574,1
3WA5-model-1-pos_A_Z,-1.774050235748291,1
1C9T-model-89-pos_A_Z,1.8418991565704346,1
1XD3-model-2-pos_A_Z,0.5363770723342896,1
2BTF-model-1-pos_A_Z,-1.4956483840942383,1
4B1Y-model-1-pos_A_Z,-1.8895512819290161,1
2OZK-model-9-neg_A_Z,1.6997119188308716,0
4YEB-model-3-pos_A_Z,-0.18390262126922607,1
2HQH-model-90-neg_A_Z,1.9282188415527344,0
4MSM-model-27-neg_A_Z,1.8792829513549805,0
5D1M-model-1-pos_A_Z,-1.4862263202667236,1
1Q5H-model-1-pos_A_Z,-1.9064247608184814,1
4AN7-model-46-neg_A_Z,1.2434978485107422,0
3DA7-model-54-neg_A_Z,1.8101015090942383,0
3P95-model-95-neg_A_Z,1.8590482473373413,0
2OPI-model-91-neg_A_Z,1.1843136548995972,0
1LDT-model-72-neg_A_Z,1.9508649110794067,0
2E4M-model-68-neg_A_Z,1.87282395362854,0
1B3S-model-1-pos_A_Z,-1.3649063110351562,1
2SIC-model-47-neg_A_Z,1.9531728029251099,0
3B6P-model-78-neg_A_Z,1.951189398765564,0
3F74-model-91-neg_A_Z,1.6733503341674805,0
3KZH-model-5-neg_A_Z,1.8184888362884521,0
2J7Q-model-8-neg_A_Z,1.9275084733963013,0
3H6S-model-54-pos_A_Z,0.8098453283309937,1
2Y9X-model-39-neg_A_Z,1.9409693479537964,0
3NCT-model-2-neg_A_Z,1.8757266998291016,0
2P49-model-20-neg_A_Z,1.9506266117095947,0
3H6S-model-97-neg_A_Z,1.3740637302398682,0
2WAM-model-25-neg_A_Z,1.953104019165039,0
2IDO-model-27-pos_A_Z,-1.3410674333572388,1
2I04-model-40-neg_A_Z,1.9443306922912598,0
2QBW-model-36-pos_A_Z,0.0713355541229248,1
1SUW-model-24-pos_A_Z,0.7645698189735413,1
1JXQ-model-75-neg_A_Z,1.601000428199768,0
4DOQ-model-92-neg_A_Z,1.7555824518203735,0
3EUK-model-17-pos_A_Z,0.11908137798309326,1
4PQT-model-1-pos_A_Z,-1.8616681098937988,1
1B27-model-25-pos_A_Z,-1.1323087215423584,1
2IA9-model-92-neg_A_Z,1.9455997943878174,0
3K4W-model-51-neg_A_Z,1.516939401626587,0
3N6Q-model-3-pos_A_Z,-1.482924461364746,1
2G6V-model-6-neg_A_Z,1.948913335800171,0
4B1X-model-85-neg_A_Z,0.24089360237121582,0
2OKQ-model-71-neg_A_Z,1.3712950944900513,0
2Q7N-model-1-pos_A_Z,-0.8833689093589783,1
4TQ1-model-86-neg_A_Z,0.7335179448127747,0
1JTD-model-88-neg_A_Z,1.9608900547027588,0
3QSK-model-19-neg_A_Z,1.9250613451004028,0
2QLC-model-28-neg_A_Z,0.626476526260376,0
3KMH-model-22-pos_A_Z,0.3801381587982178,1
5D1M-model-14-neg_A_Z,1.919516682624817,0
2SNI-model-17-neg_A_Z,1.947106957435608,0
1MBY-model-2-pos_A_Z,0.10198462009429932,1
4KR0-model-1-pos_A_Z,-1.1693730354309082,1
3I2B-model-26-neg_A_Z,0.8447238206863403,0
1XD3-model-43-neg_A_Z,1.9262275695800781,0
2X9A-model-52-neg_A_Z,1.3572351932525635,0
1EAI-model-76-neg_A_Z,1.871261715888977,0
1F9S-model-34-neg_A_Z,1.9228343963623047,0
3P9W-model-98-neg_A_Z,1.8991305828094482,0
3FSN-model-61-neg_A_Z,1.93131422996521,0
1SOT-model-42-pos_A_Z,-1.4244146347045898,1
1I07-model-1-pos_A_Z,-1.9074174165725708,1
3NTQ-model-1-pos_A_Z,-1.82612943649292,1
2GJV-model-32-pos_A_Z,1.0293946266174316,1
2IWP-model-9-neg_A_Z,0.6089732050895691,0
4LQW-model-19-pos_A_Z,0.4873400926589966,1
4EIG-model-1-pos_A_Z,-1.597545862197876,1
3FLP-model-75-pos_A_Z,-0.8753246068954468,1
3UZP-model-41-neg_A_Z,1.9582222700119019,0
1OS2-model-11-pos_A_Z,1.1694852113723755,1
3TDM-model-19-pos_A_Z,0.8708962202072144,1
4LLO-model-90-pos_A_Z,0.8615129590034485,1
5D1L-model-1-pos_A_Z,0.33305323123931885,1
2CO6-model-11-pos_A_Z,-1.5748896598815918,1
2HZM-model-7-pos_A_Z,-1.2167081832885742,1
5B75-model-87-neg_A_Z,1.90707266330719,0
1XG2-model-1-pos_A_Z,-0.6980898380279541,1
3NCT-model-1-pos_A_Z,-1.712910771369934,1
1F2U-model-59-neg_A_Z,1.0963754653930664,0
4DOQ-model-1-pos_A_Z,-1.8151109218597412,1
3KW5-model-1-pos_A_Z,-1.8396680355072021,1
4EQA-model-15-neg_A_Z,1.8995184898376465,0
2GJV-model-3-neg_A_Z,0.7765870690345764,0
5B78-model-96-neg_A_Z,1.9265620708465576,0
1XFS-model-11-pos_A_Z,-1.3803105354309082,1
2A2L-model-29-neg_A_Z,1.576926827430725,0
1X1U-model-27-neg_A_Z,1.9436403512954712,0
1FIW-model-18-neg_A_Z,0.9106303453445435,0
4CJ1-model-23-neg_A_Z,1.7993175983428955,0
4A94-model-33-neg_A_Z,1.9564157724380493,0
3SOQ-model-10-pos_A_Z,0.6380373239517212,1
2XCE-model-25-neg_A_Z,1.1627449989318848,0
2OVI-model-26-neg_A_Z,1.9230051040649414,0
2Z29-model-68-neg_A_Z,1.9632381200790405,0
1INN-model-11-pos_A_Z,1.021883487701416,1
4G6U-model-87-neg_A_Z,1.9343594312667847,0
2PUY-model-75-neg_A_Z,1.6287248134613037,0
3P71-model-62-neg_A_Z,1.9370986223220825,0
1UWG-model-70-neg_A_Z,1.9111251831054688,0
3Q9N-model-10-neg_A_Z,1.8476150035858154,0
3FD4-model-4-pos_A_Z,-0.8732160329818726,1
1BPO-model-1-pos_A_Z,-1.7657406330108643,1
2P46-model-44-neg_A_Z,1.9349902868270874,0
3Q7H-model-40-pos_A_Z,0.11448121070861816,1
2OYA-model-78-neg_A_Z,1.8393257856369019,0
1BO4-model-1-pos_A_Z,-1.9095932245254517,1
3JRQ-model-1-pos_A_Z,-0.007345795631408691,1
2W81-model-1-pos_A_Z,-1.8710135221481323,1
3I84-model-44-neg_A_Z,1.7433222532272339,0
3KZH-model-3-pos_A_Z,-1.8569695949554443,1
3PGA-model-8-neg_A_Z,-1.7568962574005127,0
3JVC-model-2-pos_A_Z,0.45767366886138916,1
3P8B-model-36-pos_A_Z,1.3751506805419922,1
5AYR-model-66-pos_A_Z,-0.816216230392456,1
5JYL-model-17-neg_A_Z,1.8758974075317383,0
1TM3-model-87-pos_A_Z,1.5671600103378296,1
2BUJ-model-1-pos_A_Z,-1.4899879693984985,1
3QQ8-model-4-pos_A_Z,-0.1961899995803833,1
3K3C-model-1-pos_A_Z,-1.935394287109375,1
4KGG-model-80-neg_A_Z,1.5900462865829468,0
1YCS-model-1-pos_A_Z,-1.6773126125335693,1
2QYI-model-56-pos_A_Z,-1.1136417388916016,1
3EPZ-model-35-pos_A_Z,0.7971835732460022,1
3DCL-model-69-neg_A_Z,1.9545992612838745,0
2QC1-model-3-pos_A_Z,0.05597519874572754,1
2EP5-model-2-neg_A_Z,0.027169346809387207,0
3UI2-model-1-pos_A_Z,-1.635551929473877,1
3TQY-model-18-neg_A_Z,1.952561616897583,0
3M85-model-1-neg_A_Z,1.9443331956863403,0
4KBB-model-95-neg_A_Z,1.8768376111984253,0
3HTR-model-73-neg_A_Z,1.853831171989441,0
2R0K-model-42-pos_A_Z,0.05900084972381592,1
3N4I-model-2-pos_A_Z,-1.3785752058029175,1
2DPF-model-9-neg_A_Z,1.0357615947723389,0
5JYL-model-1-pos_A_Z,0.9667285680770874,1
3TL8-model-90-pos_A_Z,0.7212859392166138,1
1JK9-model-77-neg_A_Z,1.9543805122375488,0
1S98-model-27-neg_A_Z,1.7806682586669922,0
2W2N-model-75-neg_A_Z,1.953210711479187,0
1HX5-model-68-pos_A_Z,1.7554988861083984,1
1Z3G-model-23-pos_A_Z,-0.16889667510986328,1
1GT7-model-70-neg_A_Z,1.9463253021240234,0
2OPI-model-73-pos_A_Z,0.03707778453826904,1
1B3T-model-1-pos_A_Z,-1.905971884727478,1
3V3K-model-87-neg_A_Z,1.8589708805084229,0
2P4Z-model-36-pos_A_Z,-1.505730152130127,1
3PIM-model-2-pos_A_Z,-1.8839194774627686,1
1Y3B-model-64-neg_A_Z,1.9553539752960205,0
3EUK-model-50-neg_A_Z,1.8418545722961426,0
3P9W-model-1-pos_A_Z,-1.0747337341308594,1
3BPD-model-2-pos_A_Z,-1.1865119934082031,1
1UM2-model-63-neg_A_Z,0.9325253963470459,0
3DJP-model-2-neg_A_Z,1.9296337366104126,0
2WVT-model-74-neg_A_Z,1.9319045543670654,0
3FFU-model-63-pos_A_Z,-0.12517106533050537,1
2O9Q-model-19-pos_A_Z,1.8778833150863647,1
1EM8-model-4-neg_A_Z,1.5066527128219604,0
2NQD-model-75-neg_A_Z,1.953061580657959,0
3TGK-model-74-neg_A_Z,0.9054820537567139,0
2Y9X-model-1-pos_A_Z,-0.47808837890625,1
3V96-model-30-neg_A_Z,1.5533777475357056,0
2OTL-model-1-pos_A_Z,-1.5844980478286743,1
2O9Q-model-52-neg_A_Z,0.9203195571899414,0
2FPE-model-13-neg_A_Z,1.2685986757278442,0
2Q17-model-84-neg_A_Z,1.9089583158493042,0
4XL5-model-63-pos_A_Z,-0.03009021282196045,1
2H1T-model-4-neg_A_Z,1.7537333965301514,0
3FCG-model-1-pos_A_Z,-0.7141152024269104,1
1E8N-model-11-pos_A_Z,0.21151936054229736,1
2HVB-model-5-pos_A_Z,0.9176134467124939,1
1H1V-model-1-pos_A_Z,0.11182188987731934,1
3KQZ-model-87-neg_A_Z,1.9373970031738281,0
1AN1-model-47-neg_A_Z,1.9483122825622559,0
3EDP-model-80-neg_A_Z,1.9488539695739746,0
1TE1-model-65-neg_A_Z,1.7070245742797852,0
2P45-model-65-neg_A_Z,1.23800790309906,0
3I5V-pos_A_D,1.8325611352920532,1
4XXB-model-6-pos_A_Z,0.5442714691162109,1
1SMF-model-1-pos_A_Z,-1.0043972730636597,1
1F5R-model-1-pos_A_Z,-1.7940953969955444,1
3SLH-model-9-pos_A_Z,1.2107958793640137,1
1RY7-model-1-pos_A_Z,-0.4395904541015625,1
2ZSU-model-1-pos_A_Z,-1.8879314661026,1
1L2W-model-2-pos_A_Z,-1.8687325716018677,1
3FL1-model-1-pos_A_Z,-1.4870543479919434,1
1C9S-model-1-pos_A_Z,-1.851379632949829,1
5JMC-model-62-neg_A_Z,1.8567076921463013,0
1JKG-model-20-neg_A_Z,1.7855883836746216,0
1AGQ-model-1-pos_A_Z,-1.862376093864441,1
2QYI-model-13-neg_A_Z,1.3557820320129395,0
1EZI-model-2-pos_A_Z,-1.6852108240127563,1
4PJ2-model-1-pos_A_Z,-1.8376669883728027,1
5IOH-model-53-neg_A_Z,1.9112212657928467,0
2Q17-model-49-pos_A_Z,1.9176733493804932,1
3OJM-model-70-neg_A_Z,1.9064136743545532,0
1BJR-model-77-pos_A_Z,0.9104099273681641,1
1TAW-model-62-neg_A_Z,1.9406936168670654,0
3B93-model-31-neg_A_Z,1.9023786783218384,0
1UK4-model-30-pos_A_Z,0.5938917398452759,1
5D1K-model-6-pos_A_Z,0.05547690391540527,1
1GT7-model-43-pos_A_Z,1.3626761436462402,1
2A6P-model-50-neg_A_Z,1.926443338394165,0
2W80-model-52-pos_A_Z,1.7972711324691772,1
2C1W-model-1-pos_A_Z,-0.749194324016571,1
2P47-model-2-pos_A_Z,-0.42765557765960693,1
3Q7H-model-89-neg_A_Z,0.4835939407348633,0
2J12-model-61-neg_A_Z,1.2056200504302979,0
4KV5-model-70-pos_A_Z,0.9923231601715088,1
4BWQ-model-1-pos_A_Z,-0.5329747200012207,1
3TG9-model-1-pos_A_Z,-1.6179938316345215,1
2CE8-model-4-neg_A_Z,1.8961591720581055,0
2Z0P-model-83-neg_A_Z,1.5668152570724487,0
3EMJ-model-100-neg_A_Z,1.767599105834961,0
3D1M-model-1-pos_A_Z,1.8390048742294312,1
2BTF-model-50-neg_A_Z,1.9003145694732666,0
1IJX-model-1-pos_A_Z,-1.8689501285552979,1
3LRJ-model-53-neg_A_Z,0.8512825965881348,0
1JYI-model-41-neg_A_Z,1.3084051609039307,0
1M1F-model-17-neg_A_Z,1.8491547107696533,0
2HEY-model-24-pos_A_Z,0.3240886926651001,1
1ZCP-model-57-neg_A_Z,1.4429317712783813,0
4FZA-model-21-pos_A_Z,0.5464661121368408,1
3P95-model-1-pos_A_Z,-1.792263150215149,1
1QB3-model-54-neg_A_Z,1.0472993850708008,0
2PNH-model-18-pos_A_Z,1.0966033935546875,1
1EAI-model-51-pos_A_Z,0.9455986022949219,1
3O2X-model-1-pos_A_Z,-0.2962301969528198,1
3BN3-model-63-neg_A_Z,1.1271007061004639,0
1G60-model-23-neg_A_Z,1.9455435276031494,0
2I04-model-11-pos_A_Z,-1.5442646741867065,1
3GBU-model-23-neg_A_Z,1.9595955610275269,0
4W6X-model-1-pos_A_Z,-1.5399813652038574,1
2OKQ-model-1-pos_A_Z,-1.8978691101074219,1
3DKU-model-31-neg_A_Z,1.4359995126724243,0
2W0C-model-83-neg_A_Z,1.9374079704284668,0
2O8Q-model-15-neg_A_Z,0.7148392200469971,0
1YY9-model-13-neg_A_Z,1.6380293369293213,0
2EWN-model-4-pos_A_Z,-1.2035285234451294,1
3Q87-model-35-neg_A_Z,1.802385926246643,0
1DLE-model-1-pos_A_Z,-1.0274063348770142,1
3MJ9-model-4-pos_A_Z,1.882663607597351,1
3BRD-model-46-neg_A_Z,0.6922147870063782,0
1UWG-model-2-pos_A_Z,-1.7536568641662598,1
2R9P-model-12-neg_A_Z,1.9394314289093018,0
2HWJ-model-15-neg_A_Z,0.4289900064468384,0
3BX1-model-1-pos_A_Z,-1.6954188346862793,1
3FG8-model-81-neg_A_Z,1.7502888441085815,0
5B77-model-2-pos_A_Z,0.014877796173095703,1
2I5G-model-1-pos_A_Z,0.0658489465713501,1
3LRJ-model-21-pos_A_Z,1.375333547592163,1
1ATN-pos_A_D,-1.8681360483169556,1
3HPN-model-1-pos_A_Z,0.33365583419799805,1
3B76-model-23-neg_A_Z,1.2720608711242676,0
1GO4-model-1-pos_A_Z,-1.8378716707229614,1
3TSR-model-5-neg_A_Z,1.9048237800598145,0
1XV2-model-70-neg_A_Z,1.9449613094329834,0
1SMO-model-18-pos_A_Z,-1.540047526359558,1
2H3N-model-64-neg_A_Z,1.9491697549819946,0
3EHU-model-6-pos_A_Z,0.5134240388870239,1
2FTL-model-32-neg_A_Z,1.933188796043396,0
1PBI-model-61-neg_A_Z,0.7794352769851685,0
3PIG-model-16-neg_A_Z,1.9582749605178833,0
3HMK-model-2-neg_A_Z,1.8647054433822632,0
3B01-model-58-neg_A_Z,1.0307576656341553,0
3DKU-model-28-pos_A_Z,0.8731325268745422,1
4NOO-model-1-pos_A_Z,-1.5143756866455078,1
2HL3-model-58-neg_A_Z,1.9021769762039185,0
1P3H-model-76-neg_A_Z,0.42946743965148926,0
1G9I-model-26-pos_A_Z,-0.1399247646331787,1
3CDW-model-69-neg_A_Z,0.22016263008117676,0
3H9G-model-70-neg_A_Z,1.8452671766281128,0
4PJ2-model-64-neg_A_Z,1.9508087635040283,0
3V3K-model-1-pos_A_Z,-0.5685938596725464,1
4WEM-model-74-neg_A_Z,1.901123046875,0
1WOQ-model-33-neg_A_Z,-0.6343451738357544,0
3E2L-model-85-neg_A_Z,1.9370973110198975,0
4AN7-model-2-pos_A_Z,-1.8714803457260132,1
1A79-model-34-neg_A_Z,1.9437330961227417,0
2JOD-model-7-neg_A_Z,1.0414453744888306,0
1MAS-model-99-neg_A_Z,1.69734525680542,0
4B1V-model-94-neg_A_Z,0.19340813159942627,0
4CJ0-model-1-pos_A_Z,-1.6975858211517334,1
1UK4-model-48-neg_A_Z,0.7034777402877808,0
3LM1-model-6-neg_A_Z,1.1496784687042236,0
5D1K-model-98-neg_A_Z,1.1630749702453613,0
1CQ3-model-1-pos_A_Z,-0.7631468176841736,1
4KFZ-model-24-neg_A_Z,1.9621782302856445,0
2I7R-model-11-pos_A_Z,1.0233490467071533,1
3B9I-model-90-neg_A_Z,0.4384915828704834,0
3M5R-model-28-pos_A_Z,1.8544774055480957,1
5B78-model-35-pos_A_Z,0.04123055934906006,1
3KDG-model-1-pos_A_Z,-1.8433752059936523,1
1C9P-model-1-pos_A_Z,-1.0158967971801758,1
3FCG-model-85-neg_A_Z,0.8214864730834961,0
4AFZ-model-72-neg_A_Z,0.6568840742111206,0
5F3X-model-61-neg_A_Z,1.6272484064102173,0
3ISM-model-29-neg_A_Z,1.7171465158462524,0
3ENT-model-100-neg_A_Z,1.7493616342544556,0
2Z0E-model-7-neg_A_Z,1.6366780996322632,0
3CAM-model-3-neg_A_Z,1.6713767051696777,0
3ZWL-model-1-pos_A_Z,-0.8070762157440186,1
1R7A-model-1-pos_A_Z,-1.84546959400177,1
2O8Q-model-17-pos_A_Z,0.111000657081604,1
1Y1K-model-10-neg_A_Z,1.9315727949142456,0
2GD4-model-1-pos_A_Z,-1.7552878856658936,1
1NU9-model-16-neg_A_Z,1.9145671129226685,0
4MSM-model-33-pos_A_Z,0.2667698860168457,1
2Z29-model-6-pos_A_Z,-1.8683886528015137,1
2CCL-model-6-neg_A_Z,1.185257911682129,0
2ZCK-model-68-pos_A_Z,1.6521215438842773,1
3C8I-model-2-neg_A_Z,0.9094266891479492,0
3T3A-model-6-pos_A_Z,-0.05662870407104492,1
1S1Q-model-1-pos_A_Z,0.08739900588989258,1
2Z7F-model-94-neg_A_Z,1.9470387697219849,0
1J3R-model-89-neg_A_Z,1.9450315237045288,0
4J2Y-model-81-neg_A_Z,1.9539185762405396,0
1ERN-model-18-pos_A_Z,-0.744727611541748,1
4L0P-model-10-neg_A_Z,1.9174883365631104,0
3ZWL-model-32-neg_A_Z,1.9422461986541748,0
2OTL-model-29-neg_A_Z,1.899742603302002,0
1B3S-model-69-neg_A_Z,1.928827166557312,0
1UHE-model-61-neg_A_Z,1.4670617580413818,0
3D4G-model-51-neg_A_Z,1.9616892337799072,0
1I4O-model-3-pos_A_Z,0.9014469385147095,1
4BWQ-model-52-neg_A_Z,1.931793212890625,0
2Z0E-model-29-pos_A_Z,0.859916627407074,1
5B76-model-3-pos_A_Z,0.19656288623809814,1
1AN1-model-69-pos_A_Z,1.321927547454834,1
3BHD-model-56-neg_A_Z,1.9554321765899658,0
1GCQ-model-26-neg_A_Z,1.1234651803970337,0
1BO4-model-93-neg_A_Z,1.496255874633789,0
3O2X-model-26-neg_A_Z,1.944072961807251,0
1VG9-model-4-neg_A_Z,1.9395053386688232,0
1TE1-model-13-pos_A_Z,-1.7294154167175293,1
1C9S-model-22-neg_A_Z,0.047783851623535156,0
3QWN-model-56-neg_A_Z,1.024390697479248,0
4F0A-model-30-neg_A_Z,1.9043797254562378,0
1R0R-model-52-neg_A_Z,1.9310169219970703,0
1UGH-model-17-neg_A_Z,1.8027642965316772,0
1FGL-model-47-pos_A_Z,0.931930422782898,1
2XTJ-model-63-neg_A_Z,1.6623960733413696,0
1XFS-model-44-neg_A_Z,1.9409884214401245,0
1PGL-model-2-pos_A_Z,-1.9108116626739502,1
1WZ3-model-60-neg_A_Z,1.8574293851852417,0
5B75-model-2-pos_A_Z,-1.3594257831573486,1
1JTD-model-1-pos_A_Z,-1.3395475149154663,1
1TO1-model-17-pos_A_Z,1.7443923950195312,1
3E2U-model-95-neg_A_Z,1.3182443380355835,0
1R0K-model-56-neg_A_Z,1.9614709615707397,0
3KLQ-model-94-pos_A_Z,1.957598328590393,1
2DOH-model-1-pos_A_Z,-1.760259747505188,1
2XB6-pos_A_C,1.6194467544555664,1
2VER-model-62-neg_A_Z,1.1840016841888428,0
4AG2-model-9-pos_A_Z,-1.1315155029296875,1
3SM1-model-21-neg_A_Z,1.292102575302124,0
2ETE-model-74-neg_A_Z,1.562991738319397,0
1TM4-model-90-neg_A_Z,1.8791857957839966,0
3KLQ-model-43-neg_A_Z,1.9515070915222168,0
1MZW-model-81-neg_A_Z,1.7736365795135498,0
3M5O-model-62-neg_A_Z,1.8150525093078613,0
1T8U-model-35-neg_A_Z,1.9331170320510864,0
1G31-model-15-pos_A_Z,0.16480696201324463,1
1DFJ-model-29-neg_A_Z,1.9506160020828247,0
1M1F-model-14-pos_A_Z,0.9442217946052551,1
4TQ1-model-1-pos_A_Z,-1.8924000263214111,1
2VPM-model-1-pos_A_Z,0.03555285930633545,1
3F5N-model-1-pos_A_Z,-0.4799262285232544,1
3DGP-model-46-pos_A_Z,1.031559705734253,1
2JG8-model-1-pos_A_Z,-0.4518393278121948,1
2B42-model-4-pos_A_Z,-1.4496737718582153,1
1OX9-model-21-neg_A_Z,0.6701793074607849,0
4CPA-model-33-pos_A_Z,0.12479138374328613,1
1WDX-model-63-neg_A_Z,1.2719039916992188,0
3K3C-model-8-neg_A_Z,1.9359714984893799,0
3B08-model-48-pos_A_Z,1.6199641227722168,1
4F0A-model-1-pos_A_Z,0.1132880449295044,1
3KQZ-model-1-pos_A_Z,-1.8332695960998535,1
1JYI-model-85-pos_A_Z,1.0988081693649292,1
4DG4-model-23-neg_A_Z,1.9557483196258545,0
3OJ2-model-2-pos_A_Z,-1.2592928409576416,1
1H1V-model-72-neg_A_Z,1.9410022497177124,0
2PKG-pos_A_C,1.418315052986145,1
1Z5Y-model-76-neg_A_Z,1.9285575151443481,0
1UP6-model-35-neg_A_Z,1.9469451904296875,0
2X53-model-18-pos_A_Z,-1.33682382106781,1
4AYE-model-5-pos_A_Z,0.05557215213775635,1
1WQJ-model-7-neg_A_Z,1.9207077026367188,0
3GRW-model-56-neg_A_Z,1.9126356840133667,0
1MK9-model-50-neg_A_Z,1.797294020652771,0
1LW6-model-33-neg_A_Z,-0.018422484397888184,0
3JZA-model-2-pos_A_Z,1.8324205875396729,1
3D4G-pos_C_D,0.6307410001754761,1
3WN7-model-78-neg_A_Z,1.9566235542297363,0
1ACB-model-48-neg_A_Z,1.1255500316619873,0
3BIW-pos_A_E,-0.5878419876098633,1
3PYY-model-51-neg_A_Z,1.9509525299072266,0
1Q1L-model-3-pos_A_Z,-1.9040898084640503,1
2JOD-model-4-pos_A_Z,0.07650566101074219,1
3GZR-model-1-pos_A_Z,-1.8582581281661987,1
2QLP-model-8-neg_A_Z,0.6033018827438354,0
3I2B-model-56-pos_A_Z,-1.638598918914795,1
2ZG6-model-40-pos_A_Z,1.4757245779037476,1
1F45-model-1-pos_A_Z,-1.5223544836044312,1
2G2W-model-41-neg_A_Z,1.8953667879104614,0
2P46-model-1-pos_A_Z,0.03560507297515869,1
3DA7-model-70-pos_A_Z,-0.18895268440246582,1
1SHS-model-65-neg_A_Z,-0.5017114877700806,0
2VER-model-2-pos_A_Z,-0.02122950553894043,1
2YVS-model-80-neg_A_Z,1.7151015996932983,0
2G2U-model-8-neg_A_Z,1.8544979095458984,0
4LLO-model-92-neg_A_Z,1.9508801698684692,0
3TII-model-1-pos_A_Z,-0.6693207621574402,1
1SHW-model-13-pos_A_Z,0.05488109588623047,1
2X9M-model-19-neg_A_Z,1.8005023002624512,0
2P43-model-2-pos_A_Z,-0.8646976947784424,1
3K25-model-38-pos_A_Z,0.44868969917297363,1
1XSQ-model-99-neg_A_Z,0.9131113290786743,0
2ZG6-model-41-neg_A_Z,1.9423555135726929,0
1J4U-model-96-pos_A_Z,0.470922589302063,1
3EN0-model-1-pos_A_Z,-1.9025722742080688,1
2OVI-model-51-pos_A_Z,0.6316750049591064,1
1KXJ-pos_A_B,1.3263235092163086,1
3JUY-model-74-neg_A_Z,1.7594972848892212,0
3Q9U-model-79-neg_A_Z,1.7859477996826172,0
3LM1-model-12-pos_A_Z,1.0121846199035645,1
3JVZ-model-27-neg_A_Z,1.955863356590271,0
1DJS-model-1-pos_A_Z,-1.5030674934387207,1
3QFM-model-66-pos_A_Z,1.2055755853652954,1
2C9P-model-18-neg_A_Z,1.9090909957885742,0
3FD4-model-6-neg_A_Z,1.9396156072616577,0
3QC8-model-1-pos_A_Z,-1.0840483903884888,1
1S98-model-1-pos_A_Z,-1.7179266214370728,1
3EMJ-model-2-pos_A_Z,-0.17327070236206055,1
3GNJ-model-100-pos_A_Z,1.9330281019210815,1
1YFN-model-90-neg_A_Z,1.9027005434036255,0
3P83-model-20-neg_A_Z,1.4694511890411377,0
1FU5-model-48-neg_A_Z,1.4850882291793823,0
5JKE-model-31-neg_A_Z,1.9002294540405273,0
3QHY-model-69-neg_A_Z,1.6882052421569824,0
3DCA-model-67-neg_A_Z,0.02143990993499756,0
3O34-pos_A_B,0.5302523374557495,1
3HQR-model-1-pos_A_Z,-1.8998576402664185,1
3H9G-model-49-pos_A_Z,0.8267140984535217,1
1Y3C-model-75-neg_A_Z,1.8442609310150146,0
5JKE-model-5-pos_A_Z,-0.28203916549682617,1
1R0K-model-23-pos_A_Z,-0.9405791759490967,1
2Q81-model-24-pos_A_Z,0.9152535200119019,1
3LHX-model-43-neg_A_Z,1.9187284708023071,0
1RZJ-model-1-pos_A_Z,-1.3891613483428955,1
4AOR-model-50-pos_A_Z,0.032344937324523926,1
3K4W-model-27-pos_A_Z,1.5956387519836426,1
4BQD-model-29-neg_A_Z,1.9475786685943604,0
3BCW-model-100-neg_A_Z,1.294540524482727,0
1KXJ-model-98-neg_A_Z,1.866518497467041,0
1MAS-model-1-pos_A_Z,-1.194297194480896,1
3DCA-model-1-pos_A_Z,-1.9021451473236084,1
3S9C-model-40-pos_A_Z,1.4128321409225464,1
1AGQ-model-46-neg_A_Z,0.44351792335510254,0
3ZRZ-model-50-neg_A_Z,1.9305943250656128,0
1T0H-model-8-pos_A_Z,0.047934651374816895,1
2ANE-model-1-pos_A_Z,-1.02523934841156,1
1W1I-model-28-neg_A_Z,1.9554139375686646,0
2HVB-model-99-neg_A_Z,1.938870906829834,0
2R9P-model-3-pos_A_Z,-1.0547654628753662,1
3TSZ-model-11-pos_A_Z,0.9475160837173462,1
4J2Y-model-1-pos_A_Z,-1.9176143407821655,1
3BHD-model-1-pos_A_Z,-1.7204927206039429,1
2HJ1-model-29-neg_A_Z,1.9617427587509155,0
3V4P-model-30-neg_A_Z,1.9463565349578857,0
3BT1-model-17-neg_A_Z,1.6929165124893188,0
1TZS-model-81-pos_A_Z,0.5824733972549438,1
1T8U-model-1-pos_A_Z,-1.733365774154663,1
2P42-model-77-neg_A_Z,1.8942610025405884,0
1F7Z-model-20-pos_A_Z,1.4983224868774414,1
2P48-model-91-neg_A_Z,1.9284045696258545,0
1TM3-model-53-neg_A_Z,1.9610575437545776,0
2P6B-model-3-neg_A_Z,0.03046870231628418,0
1VGO-pos_A_B,1.9199256896972656,1
1MR1-model-73-neg_A_Z,1.0225293636322021,0
1HPU-model-2-pos_A_Z,1.8251161575317383,1
3QWQ-model-20-neg_A_Z,1.9571398496627808,0
1ZJD-model-84-neg_A_Z,0.7694767117500305,0
3VPJ-model-39-neg_A_Z,1.8010672330856323,0
1ARZ-model-95-neg_A_Z,1.8978252410888672,0
1F2U-model-2-pos_A_Z,-1.7072287797927856,1
4KBB-model-16-pos_A_Z,0.023637890815734863,1
1OS2-model-100-neg_A_Z,1.9233163595199585,0
3HPN-model-26-neg_A_Z,1.77681565284729,0
2R5O-model-1-pos_A_Z,-1.9172732830047607,1
1UM2-model-61-pos_A_Z,1.3261997699737549,1
1ML0-model-16-pos_A_Z,-1.1008131504058838,1
3DGP-model-9-neg_A_Z,1.83052396774292,0
2PKG-model-91-neg_A_Z,1.9498286247253418,0
2HL3-model-1-pos_A_Z,-1.8632549047470093,1
1SHW-model-40-neg_A_Z,1.954318642616272,0
1LK6-model-14-neg_A_Z,0.7664586305618286,0
1YFN-model-97-pos_A_Z,1.072972059249878,1
1KAC-model-1-pos_A_Z,-1.551716923713684,1
3DSN-model-1-pos_A_Z,-1.6326152086257935,1
1MK9-model-2-pos_A_Z,1.1864150762557983,1
1DML-model-99-pos_A_Z,1.7949271202087402,1
1C9P-model-82-neg_A_Z,1.155724287033081,0
3OZB-model-51-neg_A_Z,1.7637747526168823,0
2A0S-model-25-pos_A_Z,-0.2783951759338379,1
4KRL-model-7-neg_A_Z,1.917312502861023,0
1XV2-model-50-pos_A_Z,-1.15952730178833,1
1KL8-model-8-neg_A_Z,0.9888539910316467,0
1TAW-model-20-pos_A_Z,0.0008053779602050781,1
2HQL-model-1-pos_A_Z,-1.8770016431808472,1
1F37-model-67-neg_A_Z,1.593258261680603,0
2WAM-model-2-pos_A_Z,-1.7171422243118286,1
1C3X-model-97-neg_A_Z,1.9277700185775757,0
1SCE-model-29-neg_A_Z,1.2659815549850464,0
3RDZ-model-1-pos_A_Z,-0.059432387351989746,1
2P44-model-91-neg_A_Z,1.9458115100860596,0
2HEY-model-72-neg_A_Z,1.9647048711776733,0
1TM4-model-93-pos_A_Z,0.0012431144714355469,1
1ARZ-model-24-pos_A_Z,0.7888702750205994,1
1SMO-model-83-neg_A_Z,1.9401164054870605,0
4LQW-model-52-neg_A_Z,1.9187597036361694,0
1L4Z-model-26-neg_A_Z,1.846490740776062,0
1PVH-model-1-pos_A_Z,1.013118863105774,1
1G60-model-1-pos_A_Z,-1.8926336765289307,1
2IQH-model-9-neg_A_Z,1.9613680839538574,0
1Q8M-model-7-pos_A_Z,1.2771707773208618,1
1BRS-model-68-neg_A_Z,1.9602433443069458,0
1Q5H-model-51-neg_A_Z,1.6461398601531982,0
2ZVW-model-10-pos_A_Z,0.6716319918632507,1
2X89-model-83-neg_A_Z,1.7679420709609985,0
1F5R-model-77-neg_A_Z,1.9514294862747192,0
1P9U-model-3-pos_A_Z,0.3436870574951172,1
3BN3-model-3-pos_A_Z,0.8542094230651855,1
3K9M-model-1-pos_A_Z,-1.4163001775741577,1
4AOR-model-65-neg_A_Z,1.5697693824768066,0
2DPF-model-2-pos_A_Z,-1.0075969696044922,1
4LYL-model-86-neg_A_Z,1.9391695261001587,0
4CMM-model-5-neg_A_Z,1.9371507167816162,0
4AFZ-model-34-pos_A_Z,0.2660011053085327,1
1VZY-model-1-pos_A_Z,-0.5450098514556885,1
2B3Z-model-99-neg_A_Z,1.6609981060028076,0
2W2N-model-3-pos_A_Z,-0.7154643535614014,1
1TM5-model-9-pos_A_Z,-0.01708698272705078,1
2VE6-model-20-neg_A_Z,0.5539990663528442,0
3B08-model-28-neg_A_Z,1.8976984024047852,0
3AFF-model-61-neg_A_Z,1.9402886629104614,0
3FJS-model-24-pos_A_Z,0.9646289944648743,1
1YY9-pos_A_D,-0.836525022983551,1
1X1U-model-3-pos_A_Z,-1.1275907754898071,1
2Z8M-model-91-neg_A_Z,1.9431657791137695,0
1JIW-model-1-pos_A_Z,-1.8185551166534424,1
4EIG-model-92-neg_A_Z,1.5012798309326172,0
3O9L-model-2-pos_A_Z,-1.9118363857269287,1
2A6P-model-17-pos_A_Z,0.5178087949752808,1
1A79-model-2-pos_A_Z,-0.0004229545593261719,1
5D3I-model-71-neg_A_Z,1.8988877534866333,0
3PRP-model-6-pos_A_Z,0.11479449272155762,1
3CEW-model-51-neg_A_Z,1.7538682222366333,0
1Z5Y-model-1-pos_A_Z,-0.6839123964309692,1
2A2L-model-3-pos_A_Z,0.18804430961608887,1
1R0R-model-1-pos_A_Z,-1.7609062194824219,1
2TGP-model-78-neg_A_Z,1.9504280090332031,0
4G6U-model-12-pos_A_Z,-0.7555148601531982,1
3P8B-model-71-neg_A_Z,1.7438223361968994,0
2IJ0-model-1-pos_A_Z,-0.03111124038696289,1
1W1I-model-17-pos_A_Z,1.9182380437850952,1
3PIG-model-1-pos_A_Z,-1.6284583806991577,1
2PNH-model-25-neg_A_Z,1.08341383934021,0
4NZW-model-44-pos_A_Z,-0.8859041929244995,1
1DEV-model-99-neg_A_Z,1.4865591526031494,0
4CDK-model-2-pos_A_Z,-0.022043943405151367,1
1EZI-model-88-neg_A_Z,1.6630610227584839,0
2YYS-model-99-neg_A_Z,1.9175912141799927,0
4U30-model-61-neg_A_Z,1.9460514783859253,0
3EDP-model-5-pos_A_Z,-1.4709988832473755,1
2P5X-model-1-pos_A_Z,-1.7961242198944092,1
3SLH-model-35-neg_A_Z,1.9615988731384277,0
1SCE-model-1-pos_A_Z,-1.5696985721588135,1
2HD3-model-45-neg_A_Z,0.8617827296257019,0
1OX9-model-22-pos_A_Z,0.9935795664787292,1
2DSP-model-77-neg_A_Z,1.8320257663726807,0
1JIW-model-17-neg_A_Z,1.3178651332855225,0
2ZCK-model-29-neg_A_Z,1.0902254581451416,0
3WN7-model-19-pos_A_Z,-0.991461455821991,1
3V96-model-7-pos_A_Z,1.8839154243469238,1
3OKJ-model-2-pos_A_Z,-1.73155677318573,1
3Q9U-model-2-pos_A_Z,0.03931295871734619,1
2RA3-model-84-neg_A_Z,1.9475356340408325,0
1Y4D-model-2-pos_A_Z,-1.8239585161209106,1
1F37-model-2-pos_A_Z,0.022116899490356445,1
2P4R-model-12-neg_A_Z,1.4429738521575928,0
1DB2-model-73-neg_A_Z,-0.24611234664916992,0
3EYD-model-7-pos_A_Z,0.3061317205429077,1
3BTV-model-3-pos_A_Z,-1.4481239318847656,1
4WEN-model-1-pos_A_Z,-1.6375566720962524,1
1RY7-model-27-neg_A_Z,1.7762744426727295,0
1CGI-model-7-pos_A_Z,-0.9060330390930176,1
3AXY-model-55-neg_A_Z,1.9461370706558228,0
1NQL-model-9-neg_A_Z,1.5742294788360596,0
5IOH-model-1-pos_A_Z,0.9049922227859497,1
3JZA-model-62-neg_A_Z,1.9414877891540527,0
5D1L-model-12-neg_A_Z,1.9219691753387451,0
3SM1-model-1-pos_A_Z,-1.8714251518249512,1
2Q81-model-76-neg_A_Z,1.5273995399475098,0
1HBT-model-14-neg_A_Z,0.6927457451820374,0
2TGP-model-2-pos_A_Z,-1.870902180671692,1
2V52-model-77-neg_A_Z,1.871795892715454,0
2P4Z-model-23-neg_A_Z,1.8277426958084106,0
1S4C-model-46-neg_A_Z,1.6466078758239746,0
5G1X-model-26-neg_A_Z,0.5281543731689453,0
2PO2-model-24-neg_A_Z,1.4877032041549683,0
3CAM-model-1-pos_A_Z,-1.9049805402755737,1
4CMM-model-1-pos_A_Z,-1.8267775774002075,1
1C3X-model-1-pos_A_Z,0.02227485179901123,1
3JRQ-model-60-neg_A_Z,0.8255449533462524,0
2C7E-model-2-pos_A_Z,-1.4335558414459229,1
3PPE-model-47-neg_A_Z,1.9495395421981812,0
2PQS-model-90-neg_A_Z,1.908481240272522,0
1MZW-model-1-pos_A_Z,-1.0242921113967896,1
3OJM-model-91-pos_A_Z,1.5883760452270508,1
2HTB-pos_C_D,-0.08450508117675781,1
1JNP-pos_A_B,0.8381032347679138,1
4NZL-model-90-neg_A_Z,1.9500501155853271,0
3QFM-model-93-neg_A_Z,1.9487096071243286,0
2PQV-model-1-pos_A_Z,-1.903265357017517,1
4BD9-model-9-neg_A_Z,1.6456866264343262,0
2XTJ-model-2-pos_A_Z,-0.3749614953994751,1
1R9N-model-51-neg_A_Z,0.11153995990753174,0
3TL8-model-23-neg_A_Z,1.7357177734375,0
3BWU-model-16-pos_A_Z,-1.4500688314437866,1
3PGA-model-6-pos_A_Z,1.0747098922729492,1
3MAL-model-19-neg_A_Z,1.2593648433685303,0
1WDX-model-32-pos_A_Z,0.7208588123321533,1
3N4I-model-90-neg_A_Z,1.952933669090271,0
1PVH-model-15-neg_A_Z,1.4266544580459595,0
4FZA-model-71-neg_A_Z,1.866141676902771,0
1LDT-model-1-pos_A_Z,-1.7388784885406494,1
4AYI-model-65-neg_A_Z,1.4249385595321655,0
1PBI-model-1-pos_A_Z,-1.811524748802185,1
2OIN-model-86-neg_A_Z,1.4826432466506958,0
1BJR-model-29-neg_A_Z,0.7455908060073853,0
1OSM-model-73-neg_A_Z,1.5273514986038208,0
4LYL-model-1-pos_A_Z,-1.8690087795257568,1
5JLV-model-68-pos_A_Z,0.703482449054718,1
2H5K-model-15-neg_A_Z,1.914913535118103,0
2GEF-model-1-pos_A_Z,-1.8350403308868408,1
3QWQ-model-5-pos_A_Z,0.3531986474990845,1
2FDB-model-1-pos_A_Z,-1.8015532493591309,1
4WEM-model-1-pos_A_Z,-1.6541416645050049,1
3M5O-model-1-pos_A_Z,0.014189362525939941,1
2JG8-model-3-neg_A_Z,0.05618584156036377,0
1NQ9-model-92-pos_A_Z,1.292999029159546,1
1ZH8-model-10-neg_A_Z,1.0018641948699951,0
3OSL-model-1-pos_A_Z,-1.2944910526275635,1
2HAX-model-26-neg_A_Z,1.4928820133209229,0
3D1M-model-84-neg_A_Z,1.9185787439346313,0
4QZV-model-3-pos_A_Z,-0.28682851791381836,1
2DOI-model-2-neg_A_Z,0.3843801021575928,0
1UHE-model-5-pos_A_Z,-1.8848280906677246,1
3C0B-model-83-pos_A_Z,0.09738504886627197,1
2P43-model-28-neg_A_Z,1.9565749168395996,0
2CH8-model-21-neg_A_Z,1.9473007917404175,0
5F3X-model-66-pos_A_Z,0.5299310684204102,1
3BGL-model-9-neg_A_Z,-0.01611912250518799,0
1O9Y-model-8-neg_A_Z,1.3978302478790283,0
1IGU-model-28-neg_A_Z,1.946252703666687,0
2AQX-model-1-pos_A_Z,-0.10544753074645996,1
4IOP-model-89-pos_A_Z,1.9416009187698364,1
1SHY-model-59-pos_A_Z,0.9352233409881592,1
1LW6-model-99-pos_A_Z,1.7992442846298218,1
3C7T-model-3-pos_A_Z,0.13735592365264893,1
3CHW-model-84-neg_A_Z,1.9308911561965942,0
2PUY-model-1-pos_A_Z,1.437873125076294,1
3AXY-model-5-pos_A_Z,0.4630364179611206,1
1XWD-model-1-pos_A_Z,-1.882463812828064,1
3CEW-model-1-pos_A_Z,-1.892654299736023,1
1JFM-pos_E_D,1.8687174320220947,1
1F7Z-model-36-neg_A_Z,0.8301507830619812,0
3BIW-model-17-neg_A_Z,1.863136887550354,0
2QBX-model-80-pos_A_Z,1.2499438524246216,1
4AYD-model-1-pos_A_Z,-1.8137774467468262,1
2WQ4-model-31-neg_A_Z,1.5596436262130737,0
2BUJ-model-9-neg_A_Z,0.9431101679801941,0
1L4Z-model-2-pos_A_Z,-0.07955527305603027,1
1AVX-model-78-neg_A_Z,1.882540225982666,0
1NQL-model-2-pos_A_Z,0.010641813278198242,1
3TDM-model-87-neg_A_Z,1.874064564704895,0
1IYJ-model-1-pos_A_Z,-1.831907033920288,1
3HN6-model-34-pos_A_Z,1.8655589818954468,1
1WQJ-model-4-pos_A_Z,-0.7557332515716553,1
3GMW-model-49-neg_A_Z,1.9547979831695557,0
4B1X-model-34-pos_A_Z,0.2593984603881836,1
3CJX-model-35-neg_A_Z,0.7861770987510681,0
2GEF-model-8-neg_A_Z,0.9015134572982788,0
1X1Y-model-37-neg_A_Z,1.8735181093215942,0
3BWU-model-17-neg_A_Z,1.9606642723083496,0
3EN0-model-64-neg_A_Z,1.9423147439956665,0
1L0A-model-1-pos_A_Z,-1.8489923477172852,1
3GZ8-model-36-pos_A_Z,1.9147080183029175,1
3SJ9-model-1-pos_A_Z,0.046019673347473145,1
3AJY-model-10-neg_A_Z,1.9351494312286377,0
3NEK-model-83-pos_A_Z,0.8173139095306396,1
3ECY-model-12-neg_A_Z,1.0389430522918701,0
1CGI-model-16-neg_A_Z,1.9526058435440063,0
1BPO-model-19-neg_A_Z,1.8692936897277832,0
2QC1-model-17-neg_A_Z,1.9669427871704102,0
1WOQ-model-2-pos_A_Z,-1.2194581031799316,1
3LHX-model-1-pos_A_Z,-1.5734574794769287,1
1FY8-model-10-neg_A_Z,1.940897822380066,0
2IO1-model-44-neg_A_Z,1.6681103706359863,0
1HAA-model-7-pos_A_Z,1.1084811687469482,1
2AXW-model-1-pos_A_Z,-1.8041430711746216,1
1UDI-model-81-pos_A_Z,0.8770084381103516,1
3QNA-model-1-pos_A_Z,-1.8018076419830322,1
1DFJ-model-1-pos_A_Z,-1.700669765472412,1
1ZJD-model-4-pos_A_Z,-1.245218276977539,1
4IOP-model-49-neg_A_Z,1.861114501953125,0
1NU9-model-10-pos_A_Z,-0.39967167377471924,1
4AYD-model-79-neg_A_Z,1.9259579181671143,0
4CJ0-model-49-neg_A_Z,1.852805495262146,0
1DLE-model-17-neg_A_Z,1.4991835355758667,0
2FDB-model-74-neg_A_Z,0.9488819241523743,0
3UZP-model-2-pos_A_Z,-1.1583329439163208,1
2KAI-model-45-neg_A_Z,0.5788503885269165,0
2GT2-model-66-pos_A_Z,1.485825538635254,1
1INN-model-17-neg_A_Z,1.9481159448623657,0
1DN2-model-55-neg_A_Z,1.1988791227340698,0
4AFQ-model-3-pos_A_Z,-1.8792978525161743,1
2R0K-model-66-neg_A_Z,1.4475103616714478,0
1AHS-model-68-neg_A_Z,1.736283779144287,0
1ZH8-model-6-pos_A_Z,0.010248899459838867,1
1QB3-model-1-pos_A_Z,-1.7707113027572632,1
1Q8M-model-27-neg_A_Z,1.9475895166397095,0
3ME4-model-10-neg_A_Z,1.8812603950500488,0
4B1V-model-9-pos_A_Z,1.8471941947937012,1
2V52-model-1-pos_A_Z,-1.9020967483520508,1
2X89-model-17-pos_A_Z,-0.08602070808410645,1
1ICF-model-51-pos_A_Z,0.5698785781860352,1
1RZJ-model-10-neg_A_Z,1.9493083953857422,0
2DP4-model-22-neg_A_Z,1.6966369152069092,0
3HLN-model-6-pos_A_Z,0.05563759803771973,1
2QW7-model-6-pos_A_Z,0.0487823486328125,1
2XFG-model-26-neg_A_Z,0.4962313175201416,0
2HQL-model-6-neg_A_Z,1.9225176572799683,0
4TQ0-model-48-neg_A_Z,1.0358870029449463,0
4B1Y-model-4-neg_A_Z,1.913330316543579,0
1P3H-model-56-pos_A_Z,0.025212764739990234,1
3F5N-model-18-neg_A_Z,1.4634432792663574,0
2GS7-model-3-pos_A_Z,1.0589301586151123,1
3NTQ-model-83-neg_A_Z,1.951728343963623,0
2ZNV-model-70-neg_A_Z,1.9553825855255127,0
3AOG-model-4-pos_A_Z,-1.7648403644561768,1
1ICF-model-36-neg_A_Z,1.9480394124984741,0
2EWN-model-98-neg_A_Z,1.0811474323272705,0
1UUG-model-1-pos_A_Z,-1.2199463844299316,1
2Z7F-model-1-pos_A_Z,-1.2825696468353271,1
4PQT-model-57-neg_A_Z,1.9575026035308838,0
2CH8-model-1-pos_A_Z,-1.338814616203308,1
1T7P-model-31-neg_A_Z,1.9440423250198364,0
1P9U-model-60-neg_A_Z,0.8548257350921631,0
5G1X-model-1-pos_A_Z,-1.3454785346984863,1
1E5Q-model-1-pos_A_Z,-1.648289442062378,1
2SIC-model-1-pos_A_Z,-1.8177231550216675,1
2IWO-model-61-neg_A_Z,1.5256574153900146,0
1WZ3-model-1-pos_A_Z,-1.849231481552124,1
4HDO-model-49-neg_A_Z,1.7920207977294922,0
3BFW-model-47-neg_A_Z,1.8626452684402466,0
1FY8-model-1-pos_A_Z,-1.7660773992538452,1
2D1P-model-42-neg_A_Z,1.6476622819900513,0
2IDO-model-85-neg_A_Z,1.9491664171218872,0
3GZE-model-61-pos_A_Z,0.7339342832565308,1
1LK6-model-2-pos_A_Z,-1.8315757513046265,1
2AXW-model-2-neg_A_Z,1.9585124254226685,0
2C9P-model-25-pos_A_Z,0.7200459241867065,1
2VPM-model-9-neg_A_Z,1.9186431169509888,0
4XXB-model-5-neg_A_Z,0.6099797487258911,0
1ZCP-pos_A_B,0.7542827129364014,1
2P42-model-1-pos_A_Z,-1.356691598892212,1
3GZR-model-59-neg_A_Z,0.6748124361038208,0
1SUW-model-70-neg_A_Z,1.1231348514556885,0
2GHV-model-2-pos_A_Z,-1.4171606302261353,1
4ZQK-model-6-pos_A_Z,0.39937806129455566,1
1Y3C-model-1-pos_A_Z,-1.8301600217819214,1
3BRC-model-64-neg_A_Z,1.6194125413894653,0
2ZA4-model-8-pos_A_Z,1.399108648300171,1
3E05-model-13-neg_A_Z,1.9305291175842285,0
3H8D-model-5-neg_A_Z,1.1074471473693848,0
3JVZ-model-1-pos_A_Z,-1.892442226409912,1
1PPE-model-51-neg_A_Z,1.2886908054351807,0
3C8I-model-1-pos_A_Z,0.643172025680542,1
4YN0-model-3-neg_A_Z,1.9440274238586426,0
2D1P-model-2-pos_A_Z,-1.3013395071029663,1
1UE7-model-2-pos_A_Z,0.9981005191802979,1
2WO3-model-2-pos_A_Z,-1.0814884901046753,1
3GZE-model-28-neg_A_Z,0.6546529531478882,0
3U1O-model-2-neg_A_Z,1.9530506134033203,0
3E9M-model-1-pos_A_Z,-1.6534394025802612,1
3BRC-model-29-pos_A_Z,1.377282738685608,1
2H1T-model-1-pos_A_Z,-1.8140625953674316,1
1MBY-model-17-neg_A_Z,0.5799316167831421,0
3AHS-model-13-neg_A_Z,1.282904863357544,0
1K88-model-83-neg_A_Z,1.7323858737945557,0
3ENT-model-1-pos_A_Z,-1.8737773895263672,1
3Q9N-model-70-pos_A_Z,1.3900549411773682,1
2NN3-model-1-pos_A_Z,-1.6816679239273071,1
3FG8-model-2-pos_A_Z,-1.2142760753631592,1
2OYA-model-8-pos_A_Z,-0.11374390125274658,1
4QZV-model-34-neg_A_Z,1.8335434198379517,0
1VS3-model-6-pos_A_Z,-1.6410712003707886,1
3GQH-model-1-pos_A_Z,-1.8002417087554932,1
2QLC-model-25-pos_A_Z,0.6002994775772095,1
3N6Q-model-74-neg_A_Z,1.9539159536361694,0
4GH7-model-6-neg_A_Z,1.6568422317504883,0
3E2L-model-5-pos_A_Z,-1.0768578052520752,1
3F74-model-18-pos_A_Z,0.12341558933258057,1
3TQY-pos_A_B,-1.8904777765274048,1
2PTC-model-93-neg_A_Z,1.8069897890090942,0
3KY8-model-67-pos_A_Z,-1.4060747623443604,1
3KW5-model-8-neg_A_Z,1.9255528450012207,0
2WG4-model-23-neg_A_Z,1.9574729204177856,0
2J12-model-1-pos_A_Z,-1.6611719131469727,1
1IGU-model-1-pos_A_Z,-1.5715693235397339,1
3EYD-model-10-neg_A_Z,0.1401195526123047,0
3S5B-model-18-pos_A_Z,-0.15385067462921143,1
3EHU-model-84-neg_A_Z,1.2926232814788818,0
1KXP-model-1-pos_A_Z,-1.7261297702789307,1
1I07-model-76-neg_A_Z,1.5866849422454834,0
2R2C-model-1-pos_A_Z,-1.7770726680755615,1
1JFM-model-20-neg_A_Z,1.9386284351348877,0
4YN0-model-7-pos_A_Z,0.036437273025512695,1
1U20-model-36-neg_A_Z,1.962385892868042,0
3Q87-model-52-pos_A_Z,0.5498849153518677,1
1EPT-model-1-pos_A_Z,-1.9181814193725586,1
1UP6-model-3-pos_A_Z,-0.12172532081604004,1
1XPJ-model-9-neg_A_Z,1.6327751874923706,0
1TO1-model-79-neg_A_Z,1.8642632961273193,0
4ZQU-model-45-neg_A_Z,1.8163492679595947,0
1TM5-model-2-neg_A_Z,1.9473837614059448,0
3KY8-model-90-neg_A_Z,1.939348578453064,0
2BMA-model-14-neg_A_Z,1.767408847808838,0
4APF-model-15-pos_A_Z,-0.0011900663375854492,1
3MAL-model-3-pos_A_Z,0.5893001556396484,1
3ML6-model-2-neg_A_Z,1.2459158897399902,0
1UAN-model-45-neg_A_Z,1.7882699966430664,0
2CCL-model-29-pos_A_Z,1.9525625705718994,1
3C7T-model-66-neg_A_Z,1.891931414604187,0
2IWO-model-2-pos_A_Z,-1.2406381368637085,1
1KXP-model-4-neg_A_Z,1.938416838645935,0
3NGB-pos_E_G,0.9988881349563599,1
1OMO-model-3-pos_A_Z,-1.7803161144256592,1
3E2K-model-99-neg_A_Z,1.5801936388015747,0
4JW3-model-1-pos_A_Z,-1.7127645015716553,1
1XSQ-model-2-pos_A_Z,-1.750303030014038,1
2H3N-model-7-pos_A_Z,-1.8923603296279907,1
2GHV-model-59-neg_A_Z,1.8268520832061768,0
2DP4-model-3-pos_A_Z,1.8481186628341675,1
1JZO-model-50-pos_A_Z,0.09671390056610107,1
3AFF-model-5-pos_A_Z,-1.6688357591629028,1
2QF3-model-18-neg_A_Z,1.3192901611328125,0
2IJ0-model-79-neg_A_Z,1.932995080947876,0
2W1T-model-3-neg_A_Z,-1.0325886011123657,0
3QNA-model-91-neg_A_Z,1.5988577604293823,0
3KDG-model-58-neg_A_Z,1.9522560834884644,0
2Q7N-model-22-neg_A_Z,1.9196608066558838,0
3HT2-model-1-pos_A_Z,-1.891174554824829,1
3HO5-model-30-neg_A_Z,1.950973391532898,0
2AQX-model-32-neg_A_Z,1.9379521608352661,0
2QBW-model-92-neg_A_Z,1.925679326057434,0
3NPG-model-57-neg_A_Z,1.3874396085739136,0
1GL0-model-15-pos_A_Z,1.2573397159576416,1
1XPJ-model-2-pos_A_Z,-1.8229126930236816,1
1Y1K-model-1-pos_A_Z,-1.8006057739257812,1
2IO1-model-20-pos_A_Z,1.0188121795654297,1
2K2S-model-99-neg_A_Z,1.5732367038726807,0
4AYE-model-12-neg_A_Z,1.8969932794570923,0
1VG9-model-1-pos_A_Z,-1.5214016437530518,1
2GHW-model-75-neg_A_Z,1.7268528938293457,0
2X53-model-44-neg_A_Z,0.00720059871673584,0
3VPJ-model-23-pos_A_Z,0.9846786260604858,1
3FPU-model-6-neg_A_Z,1.9193668365478516,0
3O34-model-83-neg_A_Z,1.137730360031128,0
2GQS-model-24-neg_A_Z,1.2562317848205566,0
1I4O-model-81-neg_A_Z,1.794964075088501,0
3M85-model-34-pos_A_Z,-0.34734201431274414,1
1YCS-model-85-neg_A_Z,1.9477232694625854,0
3WA5-model-65-neg_A_Z,1.0149526596069336,0
3OJ2-model-5-neg_A_Z,1.687292218208313,0
4NZL-model-1-pos_A_Z,-1.8188475370407104,1
2DOH-model-68-neg_A_Z,1.940496802330017,0
3ECY-pos_A_B,-1.7934592962265015,1
2AZN-model-53-neg_A_Z,1.9446001052856445,0
3ZRZ-model-4-pos_A_Z,0.6187534332275391,1
3CG8-model-57-neg_A_Z,1.7251300811767578,0
1O9Y-model-1-pos_A_Z,-1.8828483819961548,1
2G6V-model-1-pos_A_Z,-1.478898286819458,1
3E1Z-model-8-pos_A_Z,-1.533581018447876,1
1T0H-model-13-neg_A_Z,1.8828576803207397,0
1Y48-model-77-neg_A_Z,1.9359145164489746,0
1IYJ-model-22-neg_A_Z,1.8697476387023926,0
2BMA-model-6-pos_A_Z,-1.8927979469299316,1
1U20-model-8-pos_A_Z,0.8284938931465149,1
3HTR-model-1-pos_A_Z,-1.8633276224136353,1
2Z7X-model-51-neg_A_Z,1.9382084608078003,0
1AK4-model-85-pos_A_Z,0.2810124158859253,1
3U4J-model-9-neg_A_Z,1.483299970626831,0
4AG2-model-46-neg_A_Z,1.9078103303909302,0
4CPA-model-26-neg_A_Z,1.4720172882080078,0
3HMK-model-1-pos_A_Z,0.8745848536491394,1
1Y34-model-67-neg_A_Z,1.8204278945922852,0
2WO3-model-9-neg_A_Z,1.9096792936325073,0
1VGO-model-57-neg_A_Z,1.7866932153701782,0
2I5G-model-74-neg_A_Z,1.955249547958374,0
3S5B-model-22-neg_A_Z,1.9520432949066162,0
3C0B-model-67-neg_A_Z,1.9585320949554443,0
2F2F-model-68-pos_A_Z,1.2448689937591553,1
1ML0-model-44-neg_A_Z,1.9353357553482056,0
1OSM-model-1-pos_A_Z,-1.8381569385528564,1
2QLP-model-1-pos_A_Z,-1.518195629119873,1
1Q9U-model-1-pos_A_Z,-1.8810807466506958,1
1JZO-model-60-neg_A_Z,1.9461398124694824,0
2P47-model-86-neg_A_Z,1.925742268562317,0
3S9C-model-84-neg_A_Z,0.5694593191146851,0
3MZW-model-1-pos_A_Z,-1.1823036670684814,1
1S4C-model-19-pos_A_Z,0.168784499168396,1
3ML6-model-1-pos_A_Z,-1.4559791088104248,1
3C4O-model-11-neg_A_Z,1.5926765203475952,0
3NEK-model-29-neg_A_Z,0.5456173419952393,0
1YC6-model-48-neg_A_Z,1.0078420639038086,0
3DQQ-model-30-neg_A_Z,1.4840415716171265,0
1GCQ-model-58-pos_A_Z,0.8560242056846619,1
3HT2-model-72-neg_A_Z,1.9472129344940186,0
3FLP-model-21-neg_A_Z,1.6135499477386475,0
3A1P-model-5-pos_A_Z,0.9196823239326477,1
2CE8-model-2-pos_A_Z,-1.7522804737091064,1
2P4R-model-4-pos_A_Z,0.06969761848449707,1
5HPK-model-73-neg_A_Z,1.8848509788513184,0
1EPT-model-2-neg_A_Z,1.1881883144378662,0
3EPZ-model-28-neg_A_Z,1.8669893741607666,0
4YEB-model-56-neg_A_Z,1.2801580429077148,0
2OIN-model-97-pos_A_Z,0.2311267852783203,1
3HCG-model-70-neg_A_Z,1.9418755769729614,0
3HLN-model-86-neg_A_Z,1.934520959854126,0
4POU-model-26-neg_A_Z,1.9288297891616821,0
2P5X-model-63-neg_A_Z,1.9576345682144165,0
3E05-model-41-pos_A_Z,1.3940768241882324,1
1XUA-model-1-pos_A_Z,-1.879812479019165,1
4DGE-model-28-neg_A_Z,1.7994983196258545,0
2BE1-model-49-neg_A_Z,1.7955670356750488,0
2DYM-model-1-pos_A_Z,-1.6797908544540405,1
2R2C-model-28-neg_A_Z,1.8768112659454346,0
2CO6-model-27-neg_A_Z,1.9208236932754517,0
3E2K-model-19-pos_A_Z,-0.32664310932159424,1
3BFW-model-64-pos_A_Z,1.219768762588501,1
1E8N-model-58-neg_A_Z,0.2491743564605713,0
2XFG-model-3-pos_A_Z,-1.3151016235351562,1
3QJ7-model-63-neg_A_Z,1.8939099311828613,0
1VS3-model-23-neg_A_Z,1.9385677576065063,0
3B6P-model-2-pos_A_Z,-1.784780740737915,1
3BCP-model-82-neg_A_Z,1.9316059350967407,0
3WDG-model-17-neg_A_Z,0.8432125449180603,0
3MJ9-model-2-neg_A_Z,1.816201090812683,0
2DOI-model-1-pos_A_Z,-0.6409692764282227,1
3QSK-model-1-pos_A_Z,-0.5514513254165649,1
4AYI-model-5-pos_A_Z,0.04063081741333008,1
1X1X-model-59-neg_A_Z,1.7323280572891235,0
4M5F-model-35-neg_A_Z,1.8111709356307983,0
1ATN-model-8-neg_A_Z,1.156524658203125,0
3GZ8-model-42-neg_A_Z,1.3933075666427612,0
3K25-model-78-neg_A_Z,1.8678499460220337,0
3FYF-model-92-pos_A_Z,1.9579832553863525,1
1YBG-model-2-neg_A_Z,1.9425547122955322,0
2EVV-model-1-pos_A_Z,-1.8938918113708496,1
4NSO-model-62-neg_A_Z,1.7804714441299438,0
3U4J-model-3-pos_A_Z,-1.7809436321258545,1
3BRD-model-15-pos_A_Z,0.8949006199836731,1
3V4P-pos_B_H,-0.24044394493103027,1
2GD4-model-20-neg_A_Z,1.9008153676986694,0
2VJF-model-22-neg_A_Z,1.5313366651535034,0
2HAX-model-1-pos_A_Z,-1.8679485321044922,1
1S1Q-model-86-neg_A_Z,1.9472392797470093,0
4V0N-model-10-pos_A_Z,0.08637881278991699,1
2YVS-model-1-pos_A_Z,-1.8225356340408325,1
1T0P-model-22-neg_A_Z,1.9506250619888306,0
3U02-model-2-pos_A_Z,-1.2838785648345947,1
1BRS-model-1-pos_A_Z,-1.855650544166565,1
4DGE-model-1-pos_A_Z,0.03528094291687012,1
2W0C-model-2-pos_A_Z,-1.8267536163330078,1
3L2H-model-1-pos_A_Z,-1.8731279373168945,1
3ME4-model-1-pos_A_Z,-0.45998871326446533,1
5B77-model-10-neg_A_Z,0.8832016587257385,0
3GRW-model-42-pos_A_Z,-1.6483159065246582,1
3OLM-model-22-neg_A_Z,1.913292407989502,0
4A94-model-19-pos_A_Z,0.7556449174880981,1
1YVB-model-75-neg_A_Z,0.9297382235527039,0
4BD9-model-1-pos_A_Z,-1.767136812210083,1
4XL5-model-67-neg_A_Z,1.9017778635025024,0
2I7R-model-88-neg_A_Z,1.8086650371551514,0
1KAC-model-8-neg_A_Z,1.8259249925613403,0
4EQA-model-1-pos_A_Z,-1.8792930841445923,1
2GT2-model-62-neg_A_Z,1.5599919557571411,0
3FJS-model-88-neg_A_Z,1.4418683052062988,0
1CQ3-model-32-neg_A_Z,1.9318649768829346,0
1FGL-model-65-neg_A_Z,1.8602935075759888,0
2Z8M-model-12-pos_A_Z,-1.5634331703186035,1
3B01-model-95-pos_A_Z,-0.027425527572631836,1
3TII-model-7-neg_A_Z,1.6385010480880737,0
3P71-model-1-pos_A_Z,-1.8102662563323975,1
2JJT-model-50-neg_A_Z,1.1960772275924683,0
1Z3G-model-26-neg_A_Z,1.0391247272491455,0
2SNI-model-2-pos_A_Z,-1.2894004583358765,1
3I5V-model-53-neg_A_Z,1.92996346950531,0
3OZB-model-1-pos_A_Z,-1.1243152618408203,1
1C9T-model-59-neg_A_Z,1.1130421161651611,0
2XB6-model-50-neg_A_Z,1.9643585681915283,0
2DYM-model-28-neg_A_Z,-0.03160524368286133,0
2WVT-model-1-pos_A_Z,-1.145453691482544,1
1YLQ-model-46-pos_A_Z,0.7859259843826294,1
3GQH-model-11-neg_A_Z,1.0032682418823242,0
1XUA-model-78-neg_A_Z,1.9560911655426025,0
2DUP-model-45-neg_A_Z,1.9525113105773926,0
2YCH-model-63-neg_A_Z,1.1037997007369995,0
3HF5-model-1-pos_A_Z,-1.9219728708267212,1
3V5N-model-100-neg_A_Z,1.1708834171295166,0
1R7A-model-6-neg_A_Z,1.8221756219863892,0
3U1O-model-1-pos_A_Z,1.4642930030822754,1
1ERN-model-16-neg_A_Z,1.2639806270599365,0
3DSN-model-66-neg_A_Z,1.9405491352081299,0
4V0N-model-92-neg_A_Z,1.8983674049377441,0
